facility_id,expected_yield
1,323890.2135273777
2,256183.65549479984
3,315275.6216553878
4,318507.3784628231
5,250617.5094009582
6,263160.96803369746
7,230308.90220247395
8,288994.85276800394
9,278302.0930491239
10,228280.9161072988
11,253954.22333683632
12,269773.63384339586
13,58515.79229492694
