facility_id,expected_yield
1,16374.669089950621
2,3504.255026748404
